t_ms,node,kind,term,index,detail
1,-1,start,0,0,5 nodes up; every message delayed 1-3 ms
176,0,role,0,0,precandidate
179,0,role,1,0,candidate
184,0,role,1,0,leader
187,0,commit,1,1,
189,2,commit,1,1,
190,1,commit,1,1,
190,3,commit,1,1,
190,4,commit,1,1,
791,0,commit,1,2,
791,-1,client,0,0,"Put(city, ""montreal"") -> ok"
792,4,commit,1,2,
793,1,commit,1,2,
794,3,commit,1,2,
794,2,commit,1,2,
797,0,commit,1,3,
797,-1,client,0,0,"Append(city, ""-qc"") -> ok"
800,2,commit,1,3,
801,1,commit,1,3,
801,3,commit,1,3,
803,0,commit,1,4,
803,4,commit,1,3,
803,-1,client,0,0,"Get(city) -> ""montreal-qc"""
805,1,commit,1,4,
808,4,commit,1,4,
808,3,commit,1,4,
810,2,commit,1,4,
1403,0,crash,0,0,the leader (term 1) is killed
1551,4,role,1,0,precandidate
1554,4,role,2,0,candidate
1559,4,role,2,0,leader
1563,4,commit,2,5,
1565,3,commit,2,5,
1566,1,commit,2,5,
1567,4,commit,2,6,
1567,-1,client,0,0,"Put(user, ""ada"") -> ok"
1568,2,commit,2,5,
1568,1,commit,2,6,
1571,3,commit,2,6,
1573,2,commit,2,6,
1573,4,commit,2,7,
1573,-1,client,0,0,"Get(city) -> ""montreal-qc"""
1575,1,commit,2,7,
1577,2,commit,2,7,
1579,3,commit,2,7,
2173,0,restart,0,0,recovers term and log from durable storage
2176,0,commit,2,7,
2177,4,commit,2,8,
2177,-1,client,0,0,"Append(user, ""-lovelace"") -> ok"
2179,1,commit,2,8,
2179,3,commit,2,8,
2180,0,commit,2,8,
2181,2,commit,2,8,
2777,-1,partition,0,0,"2,3,4 | 0,1"
2781,4,commit,2,9,
2781,-1,client,0,0,"Put(during, ""partition"") -> ok"
2784,2,commit,2,9,
2784,3,commit,2,9,
2789,4,commit,2,10,
2789,-1,client,0,0,"Append(city, ""!"") -> ok"
2790,3,commit,2,10,
2794,2,commit,2,10,
2958,0,role,2,0,precandidate
3001,1,role,2,0,precandidate
3389,-1,heal,0,0,all links restored
3391,0,role,2,0,follower
3391,0,commit,2,10,
3391,1,role,2,0,follower
3391,1,commit,2,10,
3393,4,commit,2,11,
3393,-1,client,0,0,"Put(after, ""heal"") -> ok"
3394,3,commit,2,11,
3395,1,commit,2,11,
3396,0,commit,2,11,
3396,2,commit,2,11,
3701,4,commit,2,12,
3701,-1,client,0,0,"Get(city) -> ""montreal-qc!"""
3702,1,commit,2,12,
3703,0,commit,2,12,
3703,2,commit,2,12,
3705,3,commit,2,12,
3707,4,commit,2,13,
3707,-1,client,0,0,"Get(user) -> ""ada-lovelace"""
3709,3,commit,2,13,
3711,0,commit,2,13,
3713,1,commit,2,13,
3714,2,commit,2,13,
3718,-1,summary,0,0,"5 nodes applied through index 13, identical: true | at most one leader per term: true | 2 leader terms | 935 messages, 85 lost to faults"
